{
  "vit": {
    "clean": 0.9826603325415677,
    "blur": 0.982185273159145,
    "low_light": 0.9533650039588282,
    "noise": 0.9129849564528899
  },
  "resnet": {
    "clean": 0.9870942201108472,
    "blur": 0.9880443388756928,
    "low_light": 0.9811559778305622,
    "noise": 0.4346793349168646
  }
}